text,label
I am a prince and need your help transferring $10 million. You will receive 30 percent,scam
Happy to help with moving this weekend. What time should I come over?,ham
"Just landed. Heading to baggage claim now, see you soon",ham
The vet said the dog is healthy and just needs a booster shot next month,ham
Class has been cancelled today due to the snow storm,ham
"Hello dear, I am a lonely soldier overseas. I need money to come home to you",scam
Looking forward to seeing you at the wedding next month,ham
Can we reschedule our dentist visit to next week?,ham
Let's grab coffee next week and catch up,ham
I finished the draft of the presentation. Let me know what you think,ham
You have a secret admirer. Click here to see who and claim your free reward,scam
Don't forget to bring your laptop charger to the office tomorrow,ham
The report is due Monday. Let me know if you need any help with the data,ham
You have an unclaimed refund of $312. Submit your card number to receive it,scam
Your computer is infected with a virus. Call Microsoft support immediately,scam
Can you pick up some milk on your way home?,ham
"Went for a run this morning, the weather was perfect",ham
Thanks for your order. Your receipt for $24.50 is attached for your records,ham
"Congratulations, your number was selected in the draw. Pay a tax fee to collect winnings",scam
Hope you have a safe trip. Text me when you arrive,ham
Dear customer your PayPal account is limited. Log in to restore access,scam
"Hey, are we still on for lunch tomorrow at noon?",ham
Grandma's birthday dinner is at 6 on Sunday. Please bring a dessert,ham
Can you share the photos from the trip? They looked amazing,ham
Your Netflix payment failed. Update your billing information to avoid cancellation,scam
Congratulations! You have won a $1000 gift card. Click here to claim your prize,scam
Are you free for a quick call this afternoon to go over the budget?,ham
Your electricity bill for September is now available in your online account,ham
Your Social Security benefits will stop. Press 1 to speak with an officer today,scam
Quarterly planning is next Wednesday. Please bring your team's priorities,ham
Your inheritance of $4.5 million is waiting. Contact our agent with your personal details,scam
Your Wells Fargo account is on hold. Sign in using the secure link to remove restriction,scam
Your Venmo payment of $450 is pending. Click to cancel this unauthorized transaction,scam
Investment opportunity: guaranteed 300 percent returns in one week. Wire funds today,scam
"I'll be about ten minutes late, traffic is bad on the highway",ham
"Make money fast with our secret trading system. 100 percent profit, zero risk",scam
Dinner at my place on Saturday? I'm making pasta,ham
Buy cheap meds online without prescription. Fast shipping and no questions asked,scam
Sorry we missed you. Reschedule your USPS delivery and confirm your address at this link,scam
Your DMV record shows an unpaid fine. Pay today to avoid license suspension,scam
"Urgent wire transfer needed. I am your CEO and I am in a meeting, buy gift cards now",scam
Hot singles in your area want to meet you. Click here for free membership,scam
I'll send over the invoice for last month's consulting work tomorrow morning,ham
Congratulations you qualify for student loan forgiveness. Call now before the deadline,scam
Meeting moved to 3pm in conference room B. See you there,ham
Your appointment is confirmed for Tuesday at 10:30 AM. Reply C to cancel,ham
Your bank card has been locked. Click here to unlock and confirm your PIN,scam
"Dear beneficiary, you are entitled to a compensation payment. Provide your account number",scam
Thanks for fixing the bug so quickly. Deploying to staging now,ham
Good luck on your exam today. You've got this,ham
"Exclusive offer just for you. Buy now, 90 percent off, limited stock, act fast",scam
IRS NOTICE: You owe back taxes. Pay immediately or face arrest,scam
Your Coinbase account shows a suspicious withdrawal. Verify identity at this link immediately,scam
The kids have soccer practice at 5 so I'll grab them from school,ham
Your loan has been pre-approved. No credit check. Send a processing fee to receive cash,scam
Your subscription renewal of $399 is processed. Call this number to dispute the charge,scam
Thanks for the ride to the airport. I owe you one,ham
"Job offer: easy work, pay $400 a day. We will mail you a check to buy equipment",scam
Your package could not be delivered. Pay a $1.99 redelivery fee at the link below,scam
Practice is moved to the north field this week,ham
Did you see the game last night? What a finish,ham
Can you send me the notes from yesterday's class?,ham
Winner! You have been chosen for a $500 Walmart voucher. Claim within 1 hour,scam
Alert: your car warranty is about to expire. Call now for a final extension offer,scam
Send $200 in Apple gift cards and I will send you back $2000. Guaranteed,scam
Final warning: your Social Security number has been suspended due to suspicious activity,scam
The library book you reserved is available for pickup until Monday,ham
Get rich quick with this guaranteed investment. Double your bitcoin in 24 hours,scam
Please review the attached report and send me your comments by Friday,ham
Your email has won a prize in our international promotion. Reply with your full name and address,scam
Act now! Limited time offer. Send payment in gift cards to unlock your reward,scam
"Tech support alert: your IP address was hacked. Do not turn off your computer, call us",scam
"Amazing deal! Click here to get a free gift. No purchase necessary, offer ends tonight",scam
Your parcel is held at customs. Pay the release fee here to receive delivery,scam
"Hi, wrong number but you seem nice. Want to learn how I make money with crypto?",scam
Please confirm your login credentials to prevent your account from being deleted,scam
The new schedule has been posted on the break room board,ham
The package you ordered was delivered to your front porch at 2:14 PM,ham
Great job on the project everyone. Drinks on me tonight,ham
Got your message. I'll call you back after my meeting,ham
Unpaid toll balance. Pay now to avoid additional late fees and penalties,scam
"I'll pay you back for lunch on Friday, I forgot my wallet",ham
Verify your Social Security number to receive your stimulus payment now,scam
Just checking in to see how you're feeling after the surgery,ham
Security alert: someone tried to sign in to your Apple ID. Verify now or lose access,scam
URGENT: Your account has been suspended. Verify your identity now to avoid permanent closure,scam
I sent the files to the shared folder. Let me know if you can't open them,ham
We're out of eggs and bread. Adding them to the shopping list,ham
Pay with bitcoin to release your frozen funds. Do not tell anyone about this transaction,scam
Mark your calendar: the neighborhood potluck is on the 20th,ham
"Last chance to claim your free vacation. Call now, operators are standing by",scam
Your table for four is reserved for 7pm tonight at Luigi's,ham
Your flight to Denver departs at 6:45 AM. Check in opens 24 hours before,ham
"I left my keys at your house, can I swing by after work?",ham
I'm in the parking lot. Which entrance are you at?,ham
Government grant approved for you. Pay a small fee to release your funds,scam
Reminder: team standup tomorrow at 9am,ham
Can you proofread my cover letter before I send it in?,ham
Your prescription is ready for pickup at the pharmacy on Main Street,ham
Thanks for the birthday wishes! Had a great day with the family,ham
Immediate action required: your email storage is full. Login to avoid losing messages,scam
FREE entry to win cash. Text WIN to 80085 now. Standard rates apply,scam
Please find the meeting minutes attached. Action items are highlighted,ham
Can you cover my shift on Saturday? I'll take yours next week,ham
You have been selected for a free cruise. Reply YES to claim your vacation,scam
We have a refund waiting for you from Medicare. Provide your bank info to receive it,scam
Mom says to call her when you get a chance,ham
You are the lucky winner of our lottery. Send your bank details to receive funds,scam
Happy anniversary! Hope you two have a wonderful evening,ham
Want to carpool to the conference next Thursday?,ham
Here is the recipe you asked for. Let me know how it turns out,ham
Earn $5000 per week working from home. No experience needed. Sign up today,scam
Do you want to watch a movie tonight or go out to eat?,ham
Claim your free iPhone now. Only 3 left. Click the link to enter your shipping info,scam
Your invoice is attached. Open the file and enable macros to view the payment details,scam
Your crypto wallet has been compromised. Enter your seed phrase to secure your funds,scam
Your account will be closed in 24 hours unless you confirm your details at this link,scam
"Just a heads up, the office will be closed on Monday for the holiday",ham
We detected unusual activity on your bank account. Confirm your password immediately,scam
Your Amazon order of $899 has been placed. If this was not you call this number now,scam
The plumber is coming between 1 and 3 on Thursday,ham
